<?xml version="1.0" encoding="windows-1252"?>
<UMLProfile profiletype="uml2">
	<Documentation id="98FB80F8-9" name="PW-CRC-JEZ" version="1.0" notes="Profil CRC"/>
	<Content>
		<Stereotypes>
			<Stereotype name="Karta CRC" notes="" cx="90" cy="70" bgcolor="16251646" fontcolor="0" bordercolor="0" borderwidth="1" hideicon="0">
				<AppliesTo>
					<Apply type="Class">
						<Property name="isActive" value=""/>
					</Apply>
				</AppliesTo>
			</Stereotype>
			<Stereotype name="Odpowiedzialno&#347;&#263;" notes="" cx="100" cy="70" bgcolor="16251646" fontcolor="0" bordercolor="0" borderwidth="1" hideicon="0">
				<AppliesTo>
					<Apply type="Operation">
						<Property name="isOrdered" value=""/>
						<Property name="isQuery" value="false"/>
						<Property name="isUnique" value=""/>
						<Property name="lower" value=""/>
						<Property name="upper" value=""/>
					</Apply>
				</AppliesTo>
			</Stereotype>
			<Stereotype name="Komunikat" notes="" cx="90" cy="70" bgcolor="16251646" fontcolor="0" bordercolor="0" borderwidth="1" hideicon="0">
				<AppliesTo>
					<Apply type="Operation">
						<Property name="isOrdered" value=""/>
						<Property name="isQuery" value="false"/>
						<Property name="isUnique" value=""/>
						<Property name="lower" value=""/>
						<Property name="upper" value=""/>
					</Apply>
				</AppliesTo>
			</Stereotype>
		</Stereotypes>
		<TaggedValueTypes/>
		<ViewDefinitions/>
		<Metamodel/>
	</Content>
</UMLProfile>
